{ 
    "_id" : ObjectId("616e2ea9ef1d986ac0aaad33"), 
    "title" : "Eu, eu mesmo e Irene", 
    "description" : "Filme super engraçado com Jim Carrey", 
    "categories" : [
        ObjectId("616e2d7eef1d986ac0aaad29"), 
        ObjectId("616e2d85ef1d986ac0aaad2a")
    ], 
    "audio" : [
        "portugues", 
        "ingles"
    ], 
    "duration" : {
        "hours" : 2.0, 
        "minutes" : 54.0, 
        "seconds" : 10.0
    }, 
    "subtitles" : [
        "portugues", 
        "espanhol", 
        "ingles"
    ]
}
