{ 
    "_id" : ObjectId("616e2ac4ef1d986ac0aaad23"), 
    "name" : "Lucas Dev", 
    "email" : "lucas_dev@live.com", 
    "birth" : ISODate("1996-03-05T00:00:00.000+0000"), 
    "profile_image" : "", 
    "active" : true, 
    "payment_plan_id" : ObjectId("616e2a10ef1d986ac0aaad22")
}
{ 
    "_id" : ObjectId("616e2ac4ef1d986ac0aaad24"), 
    "name" : "Clara Esteganni", 
    "email" : "ana.clara@gmail.com", 
    "birth" : ISODate("1996-12-12T00:00:00.000+0000"), 
    "profile_image" : "", 
    "active" : false, 
    "payment_plan_id" : ObjectId("616e2a10ef1d986ac0aaad23")
}
{ 
    "_id" : ObjectId("616e2ac4ef1d986ac0aaad25"), 
    "name" : "Cristiano Cardoso", 
    "email" : "cristiano.cardoso@hotmail.com", 
    "birth" : ISODate("1995-09-10T00:00:00.000+0000"), 
    "profile_image" : "", 
    "active" : true, 
    "payment_plan_id" : ObjectId("616e2a10ef1d986ac0aaad24")
}
