{ 
    "_id" : ObjectId("616e2ea9ef1d986ac0aaad33"), 
    "title" : "Eu, eu mesmo e Irene", 
    "description" : "Este filme é super engraçado e tem como ator o Jim", 
    "categories" : [
        ObjectId("616e2d7eef1d986ac0aaad29"), 
        ObjectId("616e2d85ef1d986ac0aaad2a")
    ], 
    "audio" : [
        "portugues", 
        "ingles"
    ], 
    "duration" : {
        "hours" : 2.0, 
        "minutes" : 54.0, 
        "seconds" : 10.0
    }, 
    "subtitles" : [
        "portugues", 
        "espanhol", 
        "ingles"
    ]
}
{ 
    "_id" : ObjectId("61c5b64d83b65879cd697c90"), 
    "title" : "Alvin e os Esquilos", 
    "description" : "Filme onde existe esquilos falantes e que cantam.", 
    "categories" : [
        ObjectId("616e2d7eef1d986ac0aaad29")
    ], 
    "audio" : [
        "ingles", 
        "portugues"
    ], 
    "duration" : {
        "hours" : 1.0, 
        "minutes" : 35.0, 
        "seconds" : 19.0
    }, 
    "subtitles" : [
        "ingles", 
        "portugues"
    ]
}
{ 
    "_id" : ObjectId("61c790d283b65879cd697d13"), 
    "title" : "Alvin e os Esquilos 2", 
    "description" : "Filme com os esquilos", 
    "categories" : [
        ObjectId("616e2d7eef1d986ac0aaad29")
    ], 
    "audio" : [
        "ingles", 
        "portugues"
    ], 
    "duration" : {
        "hours" : 2.0, 
        "minutes" : 0.0, 
        "seconds" : 14.0
    }, 
    "subtitles" : [
        "ingles", 
        "portugues"
    ]
}
{ 
    "_id" : ObjectId("61c913226bd9b97bf8348d07"), 
    "title" : "O Poderoso Chefão", 
    "description" : "Don Vito Corleone (Marlon Brando) é o chefe de uma 'família' de Nova York que está feliz, pois Connie (Talia Shire), sua filha, se casou com Carlo (Gianni Russo). Porém, durante a festa, Bonasera (Salvatore Corsitto) é visto no escritório de Don Corleone pedindo 'justiça', vingança na verdade contra membros de uma quadrilha, que espancaram", 
    "categories" : [
        ObjectId("616e2db6ef1d986ac0aaad2c")
    ], 
    "audio" : [
        "ingles", 
        "portugues", 
        "espanhol"
    ], 
    "duration" : {
        "hours" : 2.0, 
        "minutes" : 55.0, 
        "seconds" : 0.0
    }, 
    "subtitles" : [
        "ingles", 
        "portugues"
    ]
}
{ 
    "_id" : ObjectId("61c913eb6bd9b97bf8348d09"), 
    "title" : "A Lista de Schindler", 
    "description" : "A inusitada história de Oskar Schindler (Liam Neeson), um sujeito oportunista, sedutor, 'armador', simpático, comerciante no mercado negro, mas, acima de tudo, um homem que se relacionava muito bem com o regime nazista, tanto que era membro do próprio Partido Nazista (o que não o impediu de ser preso algumas vezes, mas sempre o libertavam", 
    "categories" : [
        ObjectId("616e2db6ef1d986ac0aaad2c")
    ], 
    "audio" : [
        "ingles"
    ], 
    "duration" : {
        "hours" : 3.0, 
        "minutes" : 15.0, 
        "seconds" : 0.0
    }, 
    "subtitles" : [
        "ingles"
    ]
}
{ 
    "_id" : ObjectId("61c915a66bd9b97bf8348d0a"), 
    "title" : "Um Sonho de Liberdade", 
    "description" : "Em 1946, Andy Dufresne (Tim Robbins), um jovem e bem sucedido banqueiro, tem a sua vida radicalmente modificada ao ser condenado por um crime que nunca cometeu, o homicídio de sua esposa e do amante dela. Ele é mandado para uma prisão que é o pesadelo de qualquer detento, a Penitenciária Estadual de Shawshank, no Maine.", 
    "categories" : [
        ObjectId("616e2d7eef1d986ac0aaad29")
    ], 
    "audio" : [
        "ingles", 
        "frances"
    ], 
    "duration" : {
        "hours" : 2.0, 
        "minutes" : 20.0, 
        "seconds" : 0.0
    }, 
    "subtitles" : [
        "ingles", 
        "frances"
    ]
}
{ 
    "_id" : ObjectId("61c916176bd9b97bf8348d0b"), 
    "title" : "O Rei Leão", 
    "description" : "Simba, um leão herdeiro do trono, precisará enfrentar seu tio Scar e escapar de suas artimanhas para evitar perder seu posto como futuro rei.", 
    "categories" : [
        ObjectId("616e2d85ef1d986ac0aaad2a")
    ], 
    "audio" : [
        "ingles", 
        "portugues", 
        "frances", 
        "alemão", 
        "japones"
    ], 
    "duration" : {
        "hours" : 1.0, 
        "minutes" : 29.0, 
        "seconds" : 0.0
    }, 
    "subtitles" : [
        "ingles", 
        "portugues", 
        "frances", 
        "alemão", 
        "japones"
    ]
}
{ 
    "_id" : ObjectId("61c916926bd9b97bf8348d0c"), 
    "title" : "Forrest Gump - O Contador de Histórias", 
    "description" : "Quarenta anos da história dos Estados Unidos, vistos pelos olhos de Forrest Gump (Tom Hanks), um rapaz com QI abaixo da média e boas intenções. Por obra do acaso, ele consegue participar de momentos cruciais, como a Guerra do Vietnã e Watergate, mas continua pensando no seu amor de infância, Jenny Curran.", 
    "categories" : [
        ObjectId("616e2d7eef1d986ac0aaad29"), 
        ObjectId("616e2d85ef1d986ac0aaad2a"), 
        ObjectId("616e2d91ef1d986ac0aaad2b")
    ], 
    "audio" : [
        "ingles"
    ], 
    "duration" : {
        "hours" : 2.0, 
        "minutes" : 20.0, 
        "seconds" : 0.0
    }, 
    "subtitles" : [
        "ingles"
    ]
}
{ 
    "_id" : ObjectId("61c917876bd9b97bf8348d0d"), 
    "title" : "O Senhor dos Anéis - O Retorno do Rei", 
    "description" : "Sauron planeja um grande ataque a Minas Tirith, capital de Gondor, o que faz com que Gandalf (Ian McKellen) e Pippin (Billy Boyd) partam para o local na intenção de ajudar a resistência. Um exército é reunido por Theoden (Bernard Hill) em Rohan, em mais uma tentativa de deter as forças de Sauron.", 
    "categories" : [
        ObjectId("616e2d77ef1d986ac0aaad28")
    ], 
    "audio" : [
        "portugues"
    ], 
    "duration" : {
        "hours" : 3.0, 
        "minutes" : 21.0, 
        "seconds" : 0.0
    }, 
    "subtitles" : [
        "ingles", 
        "portugues"
    ]
}
{ 
    "_id" : ObjectId("61c917ec6bd9b97bf8348d0e"), 
    "title" : "Vingadores: Ultimato", 
    "description" : "Os Vingadores unem forças para lutar contra Thanos, após o vilão eliminar metade dos seres vivos da galáxia", 
    "categories" : [
        ObjectId("616e2db6ef1d986ac0aaad2c"), 
        ObjectId("616e2d91ef1d986ac0aaad2b")
    ], 
    "audio" : [
        "ingles", 
        "portugues"
    ], 
    "duration" : {
        "hours" : 3.0, 
        "minutes" : 1.0, 
        "seconds" : 0.0
    }, 
    "subtitles" : [
        "ingles", 
        "portugues"
    ]
}
{ 
    "_id" : ObjectId("61c9183d6bd9b97bf8348d0f"), 
    "title" : "À Espera de um Milagre", 
    "description" : "1935, no corredor da morte de uma prisão sulista. Paul Edgecomb (Tom Hanks) é o chefe de guarda da prisão, que temJohn Coffey (Michael Clarke Duncan) como um de seus prisioneiros. Aos poucos, desenvolve-se entre eles uma relação incomum, baseada na descoberta de que o prisioneiro possui um dom mágico que é, ao mesmo tempo, misterioso e milagroso.", 
    "categories" : [
        ObjectId("616e2d85ef1d986ac0aaad2a")
    ], 
    "audio" : [
        "portugues"
    ], 
    "duration" : {
        "hours" : 3.0, 
        "minutes" : 9.0, 
        "seconds" : 0.0
    }, 
    "subtitles" : [
        "portugues"
    ]
}
{ 
    "_id" : ObjectId("61c9188f6bd9b97bf8348d10"), 
    "title" : "A Vida é Bela", 
    "description" : "Durante a Segunda Guerra Mundial na Itália, o judeu Guido (Roberto Benigni) e seu filho Giosué são levados para um campo de concentração nazista. Afastado da mulher, ele tem que usar sua imaginação para fazer o menino acreditar que estão participando de uma grande brincadeira, com o intuito de protegê-lo do terror e da violência que os cercam.", 
    "categories" : [
        ObjectId("616e2d85ef1d986ac0aaad2a"), 
        ObjectId("616e2d91ef1d986ac0aaad2b")
    ], 
    "audio" : [
        "ingles", 
        "portugues", 
        "tailandes"
    ], 
    "duration" : {
        "hours" : 1.0, 
        "minutes" : 57.0, 
        "seconds" : 0.0
    }, 
    "subtitles" : [
        "ingles", 
        "portugues", 
        "tailandes"
    ]
}
{ 
    "_id" : ObjectId("61c919676bd9b97bf8348d11"), 
    "title" : "O Poderoso Chefão 2", 
    "description" : "Início do século XX. Após a máfia local matar sua família, o jovem Vito (Robert De Niro) foge da sua cidade na Sicília e vai para a América. Já adulto em Little Italy, Vito luta para ganhar a vida (legal ou ilegalmente) e manter sua esposa e filhos. Ele mata Black Hand Fanucci (Gastone Moschin), que exigia dos comerciantes uma parte dos ...", 
    "categories" : [
        ObjectId("616e2db6ef1d986ac0aaad2c")
    ], 
    "audio" : [
        "ingles", 
        "portugues"
    ], 
    "duration" : {
        "hours" : 3.0, 
        "minutes" : 20.0, 
        "seconds" : 0.0
    }, 
    "subtitles" : [
        "ingles", 
        "portugues"
    ]
}
{ 
    "_id" : ObjectId("61c919da6bd9b97bf8348d12"), 
    "title" : "Batman - O cavaleiro das trevas", 
    "description" : "Após dois anos desde o surgimento do Batman (Christian Bale), os criminosos de Gotham City têm muito o que temer. Com a ajuda do tenente James Gordon (Gary Oldman) e do promotor público Harvey Dent (Aaron Eckhart), Batman luta contra o crime organizado. Acuados com o combate, os chefes do crime aceitam a proposta feita pelo Coringa (Heath ...", 
    "categories" : [
        ObjectId("616e2d77ef1d986ac0aaad28"), 
        ObjectId("616e2db6ef1d986ac0aaad2c")
    ], 
    "audio" : [
        "ingles", 
        "portugues"
    ], 
    "duration" : {
        "hours" : 2.0, 
        "minutes" : 32.0, 
        "seconds" : 0.0
    }, 
    "subtitles" : [
        "ingles", 
        "portugues"
    ]
}
{ 
    "_id" : ObjectId("61c91ae06bd9b97bf8348d13"), 
    "title" : "De Volta para o Futuro", 
    "description" : "Um jovem (Michael J. Fox) aciona acidentalmente uma máquina do tempo construída por um cientista (Christopher Lloyd) em um Delorean, retornando aos anos 50. Lá conhece sua mãe (Lea Thompson), antes ainda do casamento com seu pai, que fica apaixonada por ele. Tal paixão põe em risco sua própria existência, pois alteraria todo o futuro, ...", 
    "categories" : [
        ObjectId("616e2d7eef1d986ac0aaad29")
    ], 
    "audio" : [
        "ingles", 
        "portugues"
    ], 
    "duration" : {
        "hours" : 1.0, 
        "minutes" : 56.0, 
        "seconds" : 0.0
    }, 
    "subtitles" : [
        "ingles", 
        "portugues"
    ]
}
