{ 
    "_id" : ObjectId("616e302eef1d986ac0aaad39"), 
    "movie_id" : ObjectId("616e2ea9ef1d986ac0aaad33"), 
    "user_id" : ObjectId("616e2ac4ef1d986ac0aaad23"), 
    "rating" : NumberInt(4), 
    "datetime_start_movie" : ISODate("2020-01-09T13:00:32.000+0000"), 
    "datetime_stop_movie" : ISODate("2020-01-09T14:52:20.000+0000"), 
    "complete" : false, 
    "day_rating" : ISODate("2020-01-09T00:00:00.000+0000")
}
{ 
    "_id" : ObjectId("61c5b70983b65879cd697c97"), 
    "movie_id" : ObjectId("61c5b64d83b65879cd697c90"), 
    "user_id" : ObjectId("616e2ac4ef1d986ac0aaad25"), 
    "rating" : null, 
    "datetime_start_movie" : ISODate("2020-03-13T10:33:52.000+0000"), 
    "datetime_stop_movie" : ISODate("2020-03-13T12:33:01.000+0000"), 
    "complete" : true, 
    "day_rating" : null
}
{ 
    "_id" : ObjectId("61c9ef0e6bd9b97bf8348d8d"), 
    "movie_id" : ObjectId("616e2ea9ef1d986ac0aaad33"), 
    "user_id" : ObjectId("61c90eec6bd9b97bf8348d00"), 
    "rating" : NumberInt(3), 
    "datetime_start_movie" : ISODate("2020-10-04T12:00:32.000+0000"), 
    "datetime_stop_movie" : ISODate("2020-10-04T13:02:20.000+0000"), 
    "complete" : false, 
    "day_rating" : ISODate("2020-10-04T00:00:00.000+0000")
}
