{ 
    "_id" : ObjectId("616e2a10ef1d986ac0aaad22"), 
    "title" : "Plano 1 tela", 
    "amount" : NumberDecimal("15.99"), 
    "description" : "Neste plano é recomendado para uma pessoa solteira!", 
    "number_of_screens" : NumberInt(1)
}
{ 
    "_id" : ObjectId("616e2a10ef1d986ac0aaad23"), 
    "title" : "Plano 3 tela", 
    "amount" : NumberDecimal("35.99"), 
    "description" : "Este plano é para a família! Um para cada um.", 
    "number_of_screens" : NumberInt(3)
}
{ 
    "_id" : ObjectId("616e2a10ef1d986ac0aaad24"), 
    "title" : "Plano 5 tela", 
    "amount" : NumberDecimal("55.99"), 
    "description" : "Este plano é pra quem gosta de compartilhar! Que tal enviar um acesso para um amigo?!", 
    "number_of_screens" : NumberInt(5)
}
