{ 
    "_id" : ObjectId("616e2ac4ef1d986ac0aaad23"), 
    "name" : "Lucas Dev", 
    "email" : "lucas_dev@live.com", 
    "birth" : ISODate("1996-03-05T00:00:00.000+0000"), 
    "profile_image" : "http://facebook.com/dasnoi31/image_lucas.png", 
    "active" : true, 
    "payment_plan_id" : ObjectId("616e2a10ef1d986ac0aaad22"), 
    "fixed_bug" : [
        {
            "type" : "FIX_PLAN", 
            "description" : "Corrigido plano dos novos usuários"
        }, 
        {
            "type" : "FIX_BIRTH", 
            "description" : "Corrigido campo de data de nascimento pois estava invertido mes e ano"
        }
    ]
}
{ 
    "_id" : ObjectId("616e2ac4ef1d986ac0aaad24"), 
    "name" : "Clara Esteganni", 
    "email" : "ana.clara@gmail.com", 
    "birth" : ISODate("1996-12-12T00:00:00.000+0000"), 
    "profile_image" : "", 
    "active" : false, 
    "payment_plan_id" : ObjectId("616e2a10ef1d986ac0aaad23"), 
    "fixed_bug" : [
        {
            "type" : "FIX_STATUS", 
            "description" : "Corrigido status de alguns usuários"
        }
    ]
}
{ 
    "_id" : ObjectId("616e2ac4ef1d986ac0aaad25"), 
    "name" : "Cristiano Cardoso", 
    "email" : "cristiano.cardoso@hotmail.com", 
    "birth" : ISODate("1995-09-10T00:00:00.000+0000"), 
    "profile_image" : "", 
    "active" : true, 
    "payment_plan_id" : ObjectId("616e2a10ef1d986ac0aaad24")
}
{ 
    "_id" : ObjectId("61c7921b83b65879cd697d21"), 
    "name" : "Cristiano Cardoso", 
    "email" : "cardoso.cris@hotmail.com", 
    "birth" : ISODate("1995-09-11T00:00:00.000+0000"), 
    "profile_image" : "", 
    "active" : true, 
    "payment_plan_id" : ObjectId("616e2a10ef1d986ac0aaad24")
}
{ 
    "_id" : ObjectId("61c90ba96bd9b97bf8348cf6"), 
    "name" : "Elias Gustavo", 
    "email" : "elias.gis@gmail.com", 
    "birth" : ISODate("2010-10-10T00:00:00.000+0000"), 
    "profile_image" : "", 
    "active" : true, 
    "payment_plan_id" : ObjectId("616e2a10ef1d986ac0aaad24")
}
{ 
    "_id" : ObjectId("61c90e846bd9b97bf8348cfa"), 
    "name" : "Gustavo Guanabara", 
    "email" : "guanabara@live.com", 
    "birth" : ISODate("1980-12-30T00:00:00.000+0000"), 
    "profile_image" : "", 
    "active" : true, 
    "payment_plan_id" : ObjectId("616e2a10ef1d986ac0aaad23")
}
{ 
    "_id" : ObjectId("61c90e8d6bd9b97bf8348cfb"), 
    "name" : "Charles Xaplim", 
    "email" : "charles.xap@outlook.com", 
    "birth" : ISODate("2010-07-19T00:00:00.000+0000"), 
    "profile_image" : "", 
    "active" : true, 
    "payment_plan_id" : ObjectId("616e2a10ef1d986ac0aaad22")
}
{ 
    "_id" : ObjectId("61c90e956bd9b97bf8348cfc"), 
    "name" : "Carlos Drumim", 
    "email" : "carlos.drumim1909@gmail.com", 
    "birth" : ISODate("2002-05-23T00:00:00.000+0000"), 
    "profile_image" : "", 
    "active" : true, 
    "payment_plan_id" : ObjectId("616e2a10ef1d986ac0aaad24")
}
{ 
    "_id" : ObjectId("61c90e9d6bd9b97bf8348cfd"), 
    "name" : "Marcelo Dantas", 
    "email" : "marcelo.dantas_ss@yahoo.com", 
    "birth" : ISODate("1999-10-30T00:00:00.000+0000"), 
    "profile_image" : "", 
    "active" : true, 
    "payment_plan_id" : ObjectId("616e2a10ef1d986ac0aaad23")
}
{ 
    "_id" : ObjectId("61c90ea76bd9b97bf8348cfe"), 
    "name" : "Iandra Clovis", 
    "email" : "clovis.iandra@gmail.com", 
    "birth" : ISODate("1997-01-11T00:00:00.000+0000"), 
    "profile_image" : "", 
    "active" : true, 
    "payment_plan_id" : ObjectId("616e2a10ef1d986ac0aaad23")
}
{ 
    "_id" : ObjectId("61c90ee36bd9b97bf8348cff"), 
    "name" : "Iandra Clovis", 
    "email" : "clovis.iandra@gmail.com", 
    "birth" : ISODate("1997-01-11T00:00:00.000+0000"), 
    "profile_image" : "", 
    "active" : true, 
    "payment_plan_id" : ObjectId("616e2a10ef1d986ac0aaad23")
}
{ 
    "_id" : ObjectId("61c90eec6bd9b97bf8348d00"), 
    "name" : "Claudio Duarte", 
    "email" : "clau.dudu@gmail.com", 
    "birth" : ISODate("1987-08-19T00:00:00.000+0000"), 
    "profile_image" : "", 
    "active" : true, 
    "payment_plan_id" : ObjectId("616e2a10ef1d986ac0aaad24")
}
{ 
    "_id" : ObjectId("61c90ef36bd9b97bf8348d01"), 
    "name" : "Livia Augusto", 
    "email" : "livia.aug092@gmail.com", 
    "birth" : ISODate("1976-11-25T00:00:00.000+0000"), 
    "profile_image" : "", 
    "active" : true, 
    "payment_plan_id" : ObjectId("616e2a10ef1d986ac0aaad22")
}
{ 
    "_id" : ObjectId("61c90efb6bd9b97bf8348d02"), 
    "name" : "Garcia Joca", 
    "email" : "garcia.19joca@outlook.com", 
    "birth" : ISODate("2010-10-10T00:00:00.000+0000"), 
    "profile_image" : "", 
    "active" : true, 
    "payment_plan_id" : ObjectId("616e2a10ef1d986ac0aaad22")
}
{ 
    "_id" : ObjectId("61c90efd6bd9b97bf8348d03"), 
    "name" : "Paulo Silva", 
    "email" : "paulo.ss98@gmail.com", 
    "birth" : ISODate("1998-05-12T00:00:00.000+0000"), 
    "profile_image" : "", 
    "active" : true, 
    "payment_plan_id" : ObjectId("616e2a10ef1d986ac0aaad22")
}
